wallet,count
0xCF014e32adc222e213bc7f4A3C8550D057B96477,4
0x1DC1CA5A8eC550cDAb6D27B122AF5659b54713dE,3
0xf6d672B035344e9c6d9B4AC31B3B003CcC34eE97,3
0x6bd82c84cb59b6777bf63794e83a14ef1f8c3c14,3
0xB237fee8B05e39339636a59771A315BBD2c10179,3
0x6f0C379aB3088887ab3710CD3f0046eA3d795ef7,2
0x8EdF95Aa27f004b0593ae532AEA132c9369Fa1a9,2
0x369ffe38b057147e4960498857af4b20ea5f7049,2
0xC526E2387ed20EdAB146728e28618cAABabe0E21,2
0x78E69f72611c43e5Ede0481Ee038F2f0f84C81Ac,2
0xFf19814e60C314db31026B6BABc046feC12Ccf6D,2
0x35476f3d5745FC3DD49119CF5D653312346b26F9,2
0xaF6d5446C0729da929829Fa8F334F1b017238cb8,1
0xabd181dcF85F88073E31240C52F5178717952C13,1
0x96399147773588Cd5D18aeCc4cEBAdF5e776b289,1
0xb3e39079e304c198Ba81111528744F99E3CA593D,1
0xAA119F401085ddA4c5a0d3eb92361b0834872443,1
0xA95F82e86Fc4D560366b7D1bBe806b9A90aB6537,1
0xA790C894bf9B501f41c9855B6f623F491E8bF6e2,1
0xa48b2D153D3e34727d1b540f2A55882390bBB735,1
0xb66C8E76bF9B434bca77cd1B132A199D351C6bB5,1
0xa475e146eAf8803F7AFE18386A6Ba11e5Fa90461,1
0xB69E35ee1e207cc208bC560f52a6CEE359faEDc4,1
0xa444C434a24468b19035f92B771CD0f18b750DeF,1
0xA4260FbfC1931FacaF53e1132258C1e8c8c3a5d7,1
0x90fcc8a8fc21f69e6de6b7611d5c2928df579724,1
0x92bd83297630c5bfc6f5e7f5fdc916a79f2e6b76,1
0x822399Bd34D0d7737AaE4585446736D35DEB5e72,1
0x7c945b48b0bBb207577f1D4E183B8fda377483da,1
0x7D0790E8E55B8D5979463D3149FafF4B38674168,1
0x7E9c268d38DA976A1b371Ec72CDC83C728177858,1
0x7fb484cd44e6F641976F71292839a541FF4f3884,1
0x7Fb7ADe0ae1eae4c4c142A1A46106335B703aA8E,1
0x8020773C96B6fae634a9A91415C38df1F4966121,1
0x82584a2e294fc67c390f059227490da7390df331,1
0x915d8E1D6d3D61366792F2d6A41E22d800f0a2CF,1
0x84A83CD8206275056e551C4FF2267AF150D166c1,1
0x85d078458Ff4954f7B481a4f19F4767748E43822,1
0x86d8dF20332a9dEAa373efB1b795CD535158bC56,1
0x87AebA294a575263a6e7eef8d86B9164c14351Db,1
0x8D7c6de4452d81Af56113d42898032Dc6b4828a4,1
0xbCab2686247793624e51aD1aa4957cdEC0DBB5b2,1
0xB6f23ad0882e768b91Ead7bC4B9c20e49aFfab56,1
0x0168F540696E422D7e5dFAA16AE3521bc1474f71,1
0xbDa6A29B869d63d44ECaA690a2AF45303A29C6C5,1
0xBF540616B0EdF6c33e5Ce35c21e9a98e6e165241,1
0xD2a2B0a99F9107A0803De5CB346684a5D37d4b1A,1
0xd2E9CDFF51dA09A677Fbfa51678a2d453DE4Ff6E,1
0xd36AE42681b932de0BD369D0FF37885A88AA86a9,1
0xD695812ec8CAbB727558450D6978E0F8D45e9132,1
0xd8117f8e6C04fE0587479F001d611A9Ce62Ff0B3,1
0xDf4820CBFA8314E7Dcb1589829367a5EebFA7AB7,1
0xe19C42FC10deee7f7F0C37557D3f64150D214633,1
0xE89E4fa1Fc45b38a5727C782f1e55Eb9B2170E8f,1
0xE9b03B9EfE6Bff4b05aD8c22A1ead469BE12027B,1
0xe9d639094d36f1d664ee67f52027c3c644358b48,1
0xE9d639094d36f1d664ee67F52027c3C644358B48,1
0xf043c5CFAc590C0e879D4E39da4AaC10D38A9332,1
0xf3666886214c83951826Fb9ADeC050521F97a626,1
0xf66cC0A53309FDe4Ca3D3475E11CBA88D414A846,1
0xF81A31C07aC515f2b0c5F3126182bEf18d86180e,1
0xd2294061E10604DD6b22583f3CBdEdBC0B4c112E,1
0xd026B2109c2341E2d3445e0A6D6b41A022F318f3,1
0xce1A562b07313ed2A942AC1931c93eE414F06eFB,1
0xC78F2182Ff20Ff59eEf3d11f937021e2b3D8D672,1
0xbF57D9775a785020963058B03ba2d6c4D55c519C,1
0x74f7d066212ceee25657b55296f4cf8a21c4dec1,1
0xc1a8524bFbB12F184AB6B0449810e4b1C7031b31,1
0xc22FE14Bdb6F2fcB3601b736032896538e89D812,1
0xc43d205a2079b9393ae2dcd0b2ac5f1b1564d31f,1
0xc62Fa66AcF82F5bA627F151d264652A3563462ca,1
0xc89d404473109a6bd955f7a9a1a5e66f70599330,1
0xcd2883Cf93D9E890D0A96Ed73f9A6019b9f6750a,1
0xC89d404473109a6BD955f7A9a1A5E66f70599330,1
0xc908Df147636de4C83c25476A4948DAc2A6c5FbB,1
0xC9Be7D7154fE82cD5Fc27f2055D4949828d95F8a,1
0xC9eDe0907aFBcE632A506161cF198B2e1D1Ac4e3,1
0xCC95C19b0619d643f1A437c6A5B2B41370504c3f,1
0xCD02F3b11EbC6D98EC3FAD5D125c2571e67976CF,1
0xC054cB804A435F9ba44a5775ED49246dF6034E29,1
0x7261e261a4d4c90d03a1b9d5529c8721a3515ea0,1
0x72B3921B6f2Ee80f8Fa80c67bED74ff5B5F3Ea41,1
0x2dabA257cecABa1ABf8FB9704Bf280c896F8D63F,1
0x3118437F487248a8C34885480246344dADaeE98A,1
0x31d426819aEf6e4F69203BBAc9F5a0e0dc4f39d2,1
0x3324b0D141cc8F13da3D0653F0011C713f2f1116,1
0x3392013BA8fcf70758aF33aF3335Dc5BB01055Fa,1
0x354C0f1b9F690d0fa913D7F289E5431e96Dec0Ad,1
0x35AF1B71F5B2b38B3eE605737E5541604B352FB7,1
0x366Fb63c0e3F799cc3cCFB854f10C6EF6DA27264,1
0x3762Da42Abf1796B18dfB6b6395Bb88a364F1a6d,1
0x37Fe4527FafCEaEDEA642797776291B093d80855,1
0x3A388F2C23822CacfDf9f9a89e65491c7035F5a3,1
0x3d0de3A76cd9f856664DC5a3adfd4056E45da9ED,1
0x41F9BA43176e26619fa29cDe270787660100B4A1,1
0x42A9CF494Df977bbB90A1A45233dF6d3794A4894,1
0x431220a268f73D326aF3625Db00c3Ed57601Db55,1
0x44256A58b3f5b7A4587C24ce51aDCb543dbaf301,1
0x2f8Ed453e4fE2495Ea05c0Af027C49BB0DF32A9D,1
0x2843DFBfc1eE2F4ed5651Be1Ad36a4B2D0Ce8898,1
0x72acB3a6B416A018c2976Eee31d0Ff854b782936,1
0x259B739bA719eD2ba64e1cc761Bb94CADb573CE1,1
0x02240be3fAb9B3572874A5F3016E2BcBcb468958,1
0x08033Fa760c397F4Ba222a8E53366D0119e4f8B2,1
0x0C07831B15e9c93E5D19abC74121cAb1878A44BF,1
0x0da745F2Bd7655E4c70D6b02695ca772c8D2f69E,1
0x0F22073d5C83994a0dAf3a72306498450F21b605,1
0x1005F1a93d7A1a96453e546507F0415CC9af91B5,1
0x11CC9F4bAf80410128538ee0E60C5390F14be7A9,1
0x12008Fd251589103F4e2b3ab9fD8Cc441C5B5370,1
0x18a698b167e61388Eb9953f42B88c5D92F26dD82,1
0x194FF1431011D427d144704756f625279aF22f1C,1
0x1Fc6e6474Ae8CF1C848A4Caa0689963C4f665c68,1
0x20194659BBc94306E33518B08e69C77e6E9c3225,1
0x21F73F625A4D829F0bbd0B982Da564b60Db980dd,1
0x222a26f6b6b19880A246fFD26722Be72539691E2,1
0x249E3100bA165BB6f25D8f41ED89cdF32AeB8E0a,1
0x450f9660bfdBC8F759A70Dd36416Ba324FA8d9cb,1
0x46cF3cD030B0030Dd67cbfCb0D09ea31126240DE,1
0x479a021f1c9ba87622d3ede296069ae9dc58798c,1
0x47d7B263B89daD806b3cefC97b4F01f4E7CeE536,1
0x617aC94Ce87f092855e2b16b99cb9138d5e4ac7B,1
0x62BD73643E5933a878CCB6A6DC6C91266c8Fe76b,1
0x663D2d7A1965045127AD148089db3908422B05FF,1
0x66d139c9aC4e4CD384ECd4871BC847Da89869010,1
0x685ddA222705e6e711C00Fbe02e32eE8CBb74a0b,1
0x6886affe01F6AE8349F076Edc513094cCD46ab78,1
0x6a0146d012ea3F82470b5E2F4d92fC99e04A1D9C,1
0x6a651C19A45f5c69E75f39B9c4F5033D6D8dAF86,1
0x6A6fe07478F79967e0bC4f05B255383096691113,1
0x6bD82C84CB59b6777bF63794e83a14ef1F8c3c14,1
0x6f04aA5c4F30142251d0E8Cf347298D09C489c3f,1
0x6f971f9d72cd5974cc25b5b526ebbce4d9e4464f,1
0x70fe5E92387268e5986bbc54209b61783Cff7555,1
0x71A97b674f461694B14ddEd96663c3F19a57C5D3,1
0x01fce0577C232Ca160Af472f402722e5310f8562,1
0x60A083a320c4c227e8f49548C801148694e71216,1
0x604622dDa402f800f737Ccdef7a9c8F2B6c5F931,1
0x5CC623Cc720982D485d38834e7059188ea26c019,1
0x4Ed230dc2B66f03e3b5c07047f6fe638892Eeee5,1
0x485Ba8694626150d701340C3bf41db8F75054E45,1
0x4a13F4D97b3Af779A1f2B8D8f0955C5aD6AeA9B5,1
0x4a3e21b0eccdc14b43557d2d6cc174d6f8864943,1
0x4a3E21B0ECCdc14b43557d2d6cC174d6F8864943,1
0x4D2B754D7F8b22593032f8C56Fac64231d6F5Ab2,1
0x4ecC958cA58B0ed8f4a2BC0D988122312e0D4813,1
0x54f893ace7b7a73bf577a5513b6c3f24e7a17322,1
0x5c47Eb132dCaA73b5167b237C938D1873dD796d5,1
0x55EAF170392ba981Dad3BCe0CBD2C38eb7fd58C3,1
0x56Eb4bF8b7510323B89FdE249D1fb660ae30D2Ee,1
0x57568540BEaAc9A78B353B1B12AD0d3B0719Ed14,1
0x59C7602dFf791B5eC0348Cc0F6bDB73066De34E7,1
0x5AaD81BA804A508db8e07C75BF1F46F167e792F4,1
0x5B114B27e01099B38cEb782b2A113406916BE454,1
0xFF51B6c6D1ACbe0Ca539F3A5338dD2Ee622dFCCC,1
